{"timestamp": 1727010117.6346488, "radar": {"timestamp": 1727010117.6304193, "numObj": 19, "range": [0.6974546580244482, 0.6974016059631638, 0.9599041618828413, 1.177042904910437, 1.3079503048663583, 1.307930044000825, 1.8750261331512155, 2.5726029619822803, 2.834460266082416, 3.5321956344460874, 3.619074191005208, 3.7065765876344714, 4.054911712972306, 4.752980748961646, 5.887041107381534, 6.279315886304812, 7.107439271636445, 8.067197282823818, 8.851882681102365], "azimuth": [-25.94029838543736, 86.28822830144965, -24.544969829881452, 11.037375618615096, 84.18644567185528, 2.324591959490465, -1.837570354495347, 26.677435795001273, 34.41122721621476, -24.220276691626278, -13.507563526871326, -22.51665351293803, -12.731074510810979, -26.984485732197772, 30.481066837724466, 34.70449959144342, 39.67588087546905, 46.38583262358402, 33.680698466940925], "elevation": [-1.3966853814205429, 24.752354580942225, 12.025917701843028, 11.268380126764898, 13.169783962177767, 39.3896203763538, 11.100507018685226, -12.869524458633057, 5.66916585896371, 7.990391044537264, 20.458992942201352, 11.689792416235916, 6.969116870395011, 15.42271895047159, 9.760196364034442, 8.904845228652636, 11.788114342104723, 18.277267174799263, 16.654852726067393], "x": [-0.305, 0.632, -0.39, 0.221, 1.267, 0.041, -0.059, 1.126, 1.594, -1.435, -0.792, -1.39, -0.887, -2.079, 2.943, 3.532, 4.442, 5.546, 4.703], "y": [0.627, 0.041, 0.854, 1.133, 0.129, 1.01, 1.839, 2.241, 2.327, 3.19, 3.297, 3.353, 3.926, 4.083, 5.0, 5.1, 5.355, 5.284, 7.057], "z": [-0.017, 0.292, 0.2, 0.23, 0.298, 0.83, 0.361, -0.573, 0.28, 0.491, 1.265, 0.751, 0.492, 1.264, 0.998, 0.972, 1.452, 2.53, 2.537], "v": [0.0, 0.0, 0.0, 0.0, 0.0, 0.0, 0.0, 0.0, 0.0, 0.0, 0.0, 0.0, 0.0, 0.0, 0.0, 0.0, 0.0, 0.0, 0.0], "snr": [8.9, 8.9, 23.5, 21.8, 14.3, 14.3, 12.9, 9.7, 5.2, 13.7, 15.2, 10.5, 6.8, 12.6, 13.2, 27.1, 12.1, 7.6, 6.0]}, "received_distance": 1.9088144302368164, "size": 232}
