{"t": 1738685657.387819, "radar": {"azimuth": [65.11, 61.343], "elevation": [-2.503, -4.33], "numObj": 2, "range": [0.659, 0.703], "rangeProfile": [6.848, 5.248, 6.518, 6.221, 6.189, 8.086, 9.168, 9.09, 6.801, 8.212, 7.506, 8.18, 8.353, 7.694, 10.187, 12.32, 12.759, 10.956, 7.694, 7.271, 8.039, 7.694, 6.205, 7.004, 5.437, 5.139, 5.672, 6.503, 6.409, 5.672, 5.515, 6.377, 6.315, 6.095, 5.687, 5.06, 4.778, 6.017, 7.067, 4.825, 5.248, 5.766, 5.86, 5.797, 4.496, 6.001, 5.264, 5.546, 5.923, 4.904, 5.296, 5.468, 6.032, 6.142, 5.327, 6.268, 6.315, 6.33, 5.107, 7.004, 6.769, 6.738, 5.923, 5.029, 4.998, 5.703, 6.362, 5.609, 4.386, 5.75, 5.17, 5.515, 5.531, 5.625, 6.252, 5.327, 6.895, 7.412, 6.424, 5.954, 5.672, 5.186, 4.778, 5.217, 5.719, 6.126, 6.377, 4.418, 6.973, 6.722, 6.769, 6.55, 5.719, 5.844, 6.017, 5.797, 6.644, 6.691, 5.39, 4.966, 3.947, 5.092, 6.424, 7.522, 8.118, 6.205, 5.499, 6.048, 5.687, 5.593, 4.355, 5.782, 6.487, 6.989, 6.973, 6.534, 5.499, 4.951, 4.041, 5.687, 6.142, 5.593, 5.296, 6.064, 6.644, 5.891, 5.954, 4.088, 4.48, 4.747, 5.515, 6.487, 7.365, 6.973, 6.534, 5.358, 5.625, 5.546, 5.844, 4.794, 5.107, 4.809, 7.02, 6.471, 5.499, 4.402, 3.508, 4.574, 5.985, 6.174, 6.017, 5.343, 4.041, 5.876, 5.829, 6.174, 5.437, 5.719, 6.534, 5.703, 5.844, 5.923, 5.076, 4.982, 6.032, 5.562, 4.919, 4.904, 4.433, 4.982, 3.587, 4.01, 4.214, 5.546, 5.092, 4.7, 5.076, 6.346, 6.174, 6.44, 5.531, 5.907, 6.565, 6.205, 6.064, 5.813, 5.343, 6.174, 6.503, 5.625, 5.358, 4.684, 4.684, 6.565, 6.456, 6.424, 5.296, 4.433, 4.998, 6.268, 6.032, 3.336, 5.107, 5.264, 4.543, 3.931, 4.276, 6.174, 4.935, 4.386, 4.167, 6.377, 7.255, 6.879, 6.832, 7.13, 6.565, 6.487, 5.515, 5.201, 5.374, 6.064, 5.782, 5.891, 6.581, 6.142, 6.973, 6.315, 6.142, 5.735, 5.28, 5.201, 6.268, 5.985, 6.001, 6.362, 5.75, 3.947, 4.198, 3.069, 3.414, 3.006, 2.912, 1.376, 2.473, 2.646, 3.226, 2.85, 2.865, 3.681, 2.74, 4.465, 3.665, 5.327, 2.379, 4.966], "snr": [11.9, 12.8], "timestamp": 1738685657.384847, "v": [-0.619, -0.619], "x": [0.598, 0.615], "y": [-0.277, -0.336], "z": [-0.029, -0.053]}, "d": 0.4773, "bs": 232}